{"stats":{"minecraft:custom":{"minecraft:jump":31,"minecraft:time_since_rest":2187,"minecraft:crouch_one_cm":80,"minecraft:leave_game":1,"minecraft:sprint_one_cm":3714,"minecraft:play_time":2187,"minecraft:walk_on_water_one_cm":308,"minecraft:time_since_death":2187,"minecraft:walk_one_cm":6417,"minecraft:sneak_time":18,"minecraft:total_world_time":2187,"minecraft:walk_under_water_one_cm":645,"minecraft:fall_one_cm":685,"minecraft:fly_one_cm":6907},"minecraft:picked_up":{"minecraft:sand":2},"minecraft:mined":{"minecraft:sand":2},"minecraft:used":{"minecraft:sand":2}},"DataVersion":3465}