{"stats":{"minecraft:picked_up":{"minecraft:sandstone":7,"minecraft:wheat":2,"minecraft:tripwire_hook":1,"minecraft:oak_pressure_plate":2,"minecraft:string":3,"minecraft:goat_horn":1,"minecraft:orange_wool":4,"minecraft:white_banner":1,"minecraft:name_tag":1,"minecraft:arrow":26,"minecraft:rotten_flesh":1,"minecraft:wheat_seeds":4,"minecraft:hay_block":181,"minecraft:iron_ingot":2,"minecraft:emerald":1,"minecraft:gold_ingot":2,"minecraft:bread":1,"minecraft:sugar_cane":12},"minecraft:killed_by":{"naturalist:rattlesnake":1},"minecraft:killed":{"minecraft:pillager":3,"naturalist:rattlesnake":1},"minecraft:dropped":{"minecraft:wheat_seeds":4,"minecraft:rotten_flesh":1},"minecraft:mined":{"minecraft:hay_block":105,"minecraft:wheat":2,"minecraft:sand":1,"minecraft:oak_pressure_plate":2,"minecraft:sugar_cane":2},"minecraft:used":{"minecraft:bread":3,"minecraft:sandstone":2,"minecraft:oak_pressure_plate":1,"minecraft:hay_block":1,"minecraft:carrot":12,"minecraft:crossbow":10,"minecraft:orange_wool":3,"minecraft:potato":2,"minecraft:experience_bottle":6},"minecraft:custom":{"minecraft:time_since_rest":16948,"minecraft:sprint_one_cm":119842,"minecraft:damage_taken":595,"minecraft:walk_one_cm":106155,"minecraft:trigger_trapped_chest":3,"minecraft:mob_kills":4,"minecraft:drop":3,"minecraft:damage_dealt":100,"minecraft:talked_to_villager":2,"minecraft:swim_one_cm":3918,"minecraft:interact_with_crafting_table":1,"minecraft:fly_one_cm":158773,"minecraft:open_chest":5,"minecraft:crouch_one_cm":1759,"minecraft:play_time":39690,"minecraft:deaths":1,"minecraft:raid_trigger":1,"minecraft:sneak_time":670,"minecraft:walk_under_water_one_cm":1242,"minecraft:jump":624,"minecraft:leave_game":1,"minecraft:time_since_death":16904,"minecraft:walk_on_water_one_cm":645,"minecraft:total_world_time":39690,"minecraft:fall_one_cm":15598},"minecraft:crafted":{"minecraft:bread":309,"minecraft:wheat":927}},"DataVersion":3465}